IMO number,Vessel Name,Ship type,Flag,Gross Tonnage,Summer Deadweight (t),Length Overall (m),Beam (m),Draught (m),Year of Built,TEU,Crude,Grain,Bale,AIS Type,Destination,ETA,IMO / MMSI,Callsign,Length / Beam,Current draught,Course / Speed,Coordinates,MMSI,Course,Speed,latitude,longitude,Length,Beam
9593505,PIONEERING SPIRIT,Crane Ship,Malta,403342,499125,477,124,None,2014,,,,,Other type,,,9593505 / 249110000,9HA4112,382 / 124 m,12.2 m,173.0° / 0.1 kn,51.96167 N/3.977 E,249110000,173.0°,0.1 kn,51.96167,3.977,382,124 m
9224764,FSO AFRICA,FSO,Marshall Islands,236638,441561,378,68,None,2002,,None,,,Tanker,,,9224764 / 538002388,V7IJ5,380 / 68 m,24.5 m,163.0° / 0.0 kn,26.64437 N/51.89488 E,538002388,163.0°,0.0 kn,26.64437,51.89488,380,68 m
9224752,FSO ASIA,FSO,Marshall Islands,236638,441893,380,68,None,2002,,None,,,Tanker,,,9224752 / 538003426,V7QR6,380 / 68 m,24.5 m,229.0° / 0.0 kn,26.58988 N/52.03687 E,538003426,229.0°,0.0 kn,26.58988,52.03687,380,68 m
9246633,OCEANIA,Crude Oil Tanker,Belgium,234006,441585,380,68,None,2003,,None,,,Tanker,LINGGI MY,"Sep 29, 11:00",9246633 / 205753000,ONJP,380 / 68 m,21.5 m,261.0° / 0.0 kn,2.34647 N/101.91493 E,205753000,261.0°,0.0 kn,2.34647,101.91493,380,68 m
9235268,EUROPE,Crude Oil Tanker,Belgium,234006,441561,380,68,None,2002,,None,,,Tanker,,,9235268 / 205408000,ONCP,380 / 68 m,19.5 m,322.0° / 0.0 kn,1.25007 N/103.47625 E,205408000,322.0°,0.0 kn,1.25007,103.47625,380,68 m
9744001,SYMPHONY OF THE SEAS,Passenger (Cruise) Ship,Bahamas,228081,18095,361,47,None,2018,,,,,Passenger ship,DRIFTING,"Apr 24, 18:30",9744001 / 311000660,C6DF6,362 / 66 m,9.1 m,264.5° / 0.1 kn,23.54762 N/80.68495 W,311000660,264.5°,0.1 kn,23.54762,-80.68495,362,66 m
9682875,HARMONY OF THE SEAS,Passenger (Cruise) Ship,Bahamas,226963,20236,362,47,None,2016,,,,,Passenger ship,INT. WATER ANCHORAGE,"Apr 30, 12:00",9682875 / 311000396,C6BX8,362 / 66 m,9.3 m,83.0° / 0.0 kn,29.50903 N/80.74075 W,311000396,83.0°,0.0 kn,29.50903,-80.74075,362,66 m
9383936,OASIS OF THE SEAS,Passenger (Cruise) Ship,Bahamas,225282,15000,360,61,None,2009,,,,,Passenger ship,PORT CANAVERAL,"Apr 28, 10:00",9383936 / 311020600,C6XS7,360 / 60 m,9.3 m,199.0° / 0.1 kn,29.23465 N/80.35712 W,311020600,199.0°,0.1 kn,29.23465,-80.35712,360,60 m
9383948,ALLURE OF THE SEAS,Passenger (Cruise) Ship,Bahamas,225282,19750,360,61,None,2010,,,,,Passenger ship,GB SOU,"May 6, 07:00",9383948 / 311020700,C6XS8,,9.1 m,67.0° / 1.9 kn,51.2138 N/6.72533 W,311020700,67.0°,1.9 kn,51.2138,-6.72533,,
9695896,EGINA,Offshore Support Vessel,Nigeria,219830,349597,330,,,2017,,,,,Other type,,,9695896 / 657161000,5NMX3,330 / 61 m,13.0 m,19.0° / 0.0 kn,3.05027 N/6.69737 E,657161000,19.0°,0.0 kn,3.05027,6.69737,330,61 m
9776420,CMA CGM JEAN MERMOZ,Container Ship,Malta,219277,202684,400,59,None,2018,None,,,,Cargo ship (HAZ-A),YANGSHAN,"May 2, 11:00",9776420 / 248758000,9HA4798,399 / 58 m,14.6 m,155.0° / 0.1 kn,30.6332 N/122.04568 E,248758000,155.0°,0.1 kn,30.6332,122.04568,399,58 m
9786827,EVER GIFTED,Container Ship,Singapore,217762,199700,400,59,None,2018,None,,,,Cargo ship,COLOMBO,"May 6, 23:00",9786827 / 563068900,9V5825,399 / 59 m,15.3 m,151.5° / 20.5 kn,19.96469 N/39.00741 E,563068900,151.5°,20.5 kn,19.96469,39.00741,399,59 m
9776418,CMA CGM ANTOINE DE SAINT EXUPERY,Container Ship,France,217673,202684,400,59,None,2018,None,,,,Cargo ship (HAZ-A),DUQM,"Apr 3, 14:00",9776418 / 228098700,FJZP,399 / 58 m,10.5 m,96.0° / 11.8 kn,19.70388 N/57.89827 E,228098700,96.0°,11.8 kn,19.70388,57.89827,399,58 m
9776432,CMA CGM LOUIS BLERIOT,Container Ship,Malta,217673,202684,399,59,None,2018,None,,,,Cargo ship (HAZ-A),GBSOU,"May 3, 02:45",9776432 / 248794000,9HA4811,399 / 58 m,14.0 m,63.0° / 18.5 kn,48.99122 N/5.12598 W,248794000,63.0°,18.5 kn,48.99122,-5.12598,399,58 m
9811012,EVER GOLDEN,Container Ship,Panama,217612,199692,400,59,None,2018,None,,,,Cargo ship (HAZ-A),EGSUZ,"May 4, 20:00",9811012 / 354654000,H9TK,400 / 59 m,14.7 m,107.0° / 17.1 kn,35.62658 N/16.86091 E,354654000,107.0°,17.1 kn,35.62658,16.86091,400,59 m
9811000,EVER GIVEN,Container Ship,Panama,217612,199700,400,59,None,2018,None,,,,Cargo ship,ZHOUSHAN,"Apr 12, 04:40",9811000 / 353136000,H3RC,400 / 59 m,6.7 m,211.0° / 0.0 kn,29.79434 N/122.1237 E,353136000,211.0°,0.0 kn,29.79434,122.1237,400,59 m
9810991,EVER GOODS,Container Ship,Panama,217612,199692,400,59,None,2018,None,,,,Cargo ship (HAZ-A),COLOMBO,"Apr 29, 22:30",9810991 / 371308000,3FRV5,400 / 59 m,15.7 m,86.0° / 18.7 kn,6.19325 N/92.49884 E,371308000,86.0°,18.7 kn,6.19325,92.49884,400,59 m
9820855,EVER GRADE,Container Ship,Panama,217612,199700,400,59,None,2018,,,,,Cargo ship,YANGSHAN,"May 2, 23:00",9820855 / 357463000,3FZS6,399 / 59 m,13.4 m,140.1° / 12.9 kn,35.30312 N/121.25542 E,357463000,140.1°,12.9 kn,35.30312,121.25542,399,59 m
9786841,EVER GLOBE,Container Ship,Panama,217600,199700,400,59,,2019,,,,,Cargo ship,COLOMBO,"May 1, 22:30",9786841 / 354977000,3FWU2,399 / 58 m,15.7 m,109.7° / 19.3 kn,34.85206 S/19.01253 E,354977000,109.7°,19.3 kn,-34.85206,19.01253,399,58 m
9820922,EVER GENTLE,Container Ship,Liberia,217600,199489,400,59,None,2019,,,,,Cargo ship,CNYTN-MYPTP,"Apr 30, 06:00",9820922 / 636019174,D5TG9,400 / 59 m,15.8 m,270.0° / 19.6 kn,6.00124 N/95.26453 E,636019174,270.0°,19.6 kn,6.00124,95.26453,400,59 m
9832729,EVER GREET,Container Ship,Panama,217600,199700,400,59,,2019,,,,,Cargo ship,ROTTERDAM,"May 5, 19:00",9832729 / 371829000,3FLF4,399 / 59 m,16.1 m,264.4° / 19.7 kn,36.11214 N/3.98495 W,371829000,264.4°,19.7 kn,36.11214,-3.98495,399,59 m
9786815,EVER GENIUS,Container Ship,Panama,217600,199700,400,59,None,2018,None,,,,Cargo ship,MYPTP=>EGSUZ,"May 4, 20:00",9786815 / 370121000,3FJU4,400 / 59 m,16.1 m,330.0° / 19.0 kn,16.02371 N/41.38277 E,370121000,330.0°,19.0 kn,16.02371,41.38277,400,59 m
9786839,EVER GLORY,Container Ship,Liberia,217600,199700,400,59,None,2019,,,,,Cargo ship,FELIXSTOWE,"May 2, 01:30",9786839 / 636019234,D5TO4,400 / 59 m,10.9 m,205.2° / 0.0 kn,51.94404 N/1.31557 E,636019234,205.2°,0.0 kn,51.94404,1.31557,400,59 m
9832717,EVER GOVERN,Container Ship,Panama,217600,199700,400,59,None,2019,,,,,Cargo ship,NLRDM,"May 1, 17:00",9832717 / 356582000,HPUI,400 / 59 m,11.9 m,158.2° / 0.0 kn,51.94691 N/4.04478 E,356582000,158.2°,0.0 kn,51.94691,4.04478,400,59 m
9795658,COSCO SHIPPING STAR,Container Ship,Hong Kong,216124,199000,400,59,None,2018,,,,,Cargo ship (HAZ-A),GR PIR,"May 1, 21:00",9795658 / 477318200,VRSQ4,400 / 59 m,14.5 m,252.8° / 0.0 kn,37.95618 N/23.58574 E,477318200,252.8°,0.0 kn,37.95618,23.58574,400,59 m
9795660,COSCO SHIPPING PLANET,Container Ship,Hong Kong,216124,199000,400,59,,2019,,,,,Cargo ship (HAZ-A),MY PKG,"May 3, 10:00",9795660 / 477345900,VRSU6,400 / 59 m,13.0 m,129.0° / 13.7 kn,5.31994 N/97.9096 E,477345900,129.0°,13.7 kn,5.31994,97.9096,400,59 m
9795634,COSCO SHIPPING GALAXY,Container Ship,Hong Kong,215553,198070,400,59,None,2019,,,,,Cargo ship (HAZ-A),DEWVN,"May 4, 07:00",9795634 / 477269300,VRSJ9,400 / 59 m,12.9 m,7.4° / 15.0 kn,55.14382 N/10.99059 E,477269300,7.4°,15.0 kn,55.14382,10.99059,400,59 m
9795646,COSCO SHIPPING SOLAR,Container Ship,Hong Kong,215553,196000,400,59,None,2019,,,,,Cargo ship (HAZ-A),SINGAPORE PEBGA,"May 3, 07:00",9795646 / 477302900,VRSO4,400 / 59 m,14.6 m,212.0° / 18.5 kn,4.63252 N/106.3503 E,477302900,212.0°,18.5 kn,4.63252,106.3503,400,59 m
9795610,COSCO SHIPPING UNIVERSE,Container Ship,Hong Kong,215553,198485,400,59,None,2018,None,,,,Cargo ship (HAZ-A),CN TSN,"May 1, 09:00",9795610 / 477157400,VRRP4,400 / 58 m,13.5 m,135.5° / 0.0 kn,39.00122 N/117.78672 E,477157400,135.5°,0.0 kn,39.00122,117.78672,400,58 m
9795622,COSCO SHIPPING NEBULA,Container Ship,Hong Kong,215553,197902,400,59,None,2018,None,,,,Cargo ship (HAZ-A),EGSZC,"May 8, 20:00",9795622 / 477194400,VRRW8,400 / 58 m,15.9 m,287.0° / 16.7 kn,7.65649 N/74.07914 E,477194400,287.0°,16.7 kn,7.65649,74.07914,400,58 m
9780483,MAASTRICHT MAERSK,Container Ship,Denmark,214286,190326,399,59,None,2019,None,,,,Cargo ship,ESALG-DEBRV,"May 4, 02:00",9780483 / 219045000,OWSE2,399 / 58 m,14.3 m,57.0° / 18.2 kn,49.67945 N/3.16122 W,219045000,57.0°,18.2 kn,49.67945,-3.16122,399,58 m
9780445,MANCHESTER MAERSK,Container Ship,Denmark,214286,190326,399,59,None,2018,None,,,,Cargo ship (HAZ-A),CN ZOS,"May 1, 01:50",9780445 / 219034000,OWAV2,399 / 58 m,10.5 m,326.0° / 0.0 kn,29.8225 N/122.11652 E,219034000,326.0°,0.0 kn,29.8225,122.11652,399,58 m
9778806,MUNICH MAERSK,Container Ship,Denmark,214286,190326,399,59,None,2017,None,,,,Cargo ship (HAZ-A),YANTIAN,"May 3, 22:00",9778806 / 219835000,OWCH2,399 / 58 m,15.0 m,215.0° / 19.9 kn,27.40515 N/121.92013 E,219835000,215.0°,19.9 kn,27.40515,121.92013,399,58 m
9778820,MILAN MAERSK,Container Ship,Denmark,214286,190326,399,59,None,2017,None,,,,Cargo ship (HAZ-A),CN SHE - CN DAI,"May 14, 10:00",9778820 / 219861000,OWGK2,399 / 58 m,10.5 m,26.5° / 12.5 kn,29.17027 N/122.89948 E,219861000,26.5°,12.5 kn,29.17027,122.89948,399,58 m
9778791,MADRID MAERSK,Container Ship,Denmark,214286,190326,399,59,None,2017,None,,,,Cargo ship,CNSGH>>CNDAI,"May 2, 22:00",9778791 / 219836000,OWMD2,399 / 58 m,11.4 m,357.4° / 15.2 kn,37.61503 N/123.26383 E,219836000,357.4°,15.2 kn,37.61503,123.26383,399,58 m
9780471,MUMBAI MAERSK,Container Ship,Denmark,214286,190326,399,59,None,2018,None,,,,Cargo ship (HAZ-A),SUEZ CANAL,"May 6, 21:00",9780471 / 219039000,OWNQ2,399 / 58 m,18.7 m,286.0° / 18.4 kn,12.862 N/55.93515 E,219039000,286.0°,18.4 kn,12.862,55.93515,399,58 m
9778818,MOSCOW MAERSK,Container Ship,Denmark,214286,190326,399,59,None,2017,None,,,,Cargo ship,MYTPP>EGSUC,"May 13, 21:00",9778818 / 219864000,OWCM2,399 / 58 m,16.5 m,297.0° / 18.5 kn,4.51025 N/99.13465 E,219864000,297.0°,18.5 kn,4.51025,99.13465,399,58 m
9778832,MONACO MAERSK,Container Ship,Denmark,214286,190326,399,59,None,2017,None,,,,Cargo ship (HAZ-A),SGSIN > CNSGH,"May 6, 01:00",9778832 / 219863000,OWNL2,399 / 58 m,13.8 m,27.0° / 19.9 kn,7.58968 N/109.41483 E,219863000,27.0°,19.9 kn,7.58968,109.41483,399,58 m
9780457,MURCIA MAERSK,Container Ship,Denmark,214286,190326,399,59,None,2018,None,,,,Cargo ship (HAZ-A),ZHOUSHAN XINYA,"Apr 26, 05:00",9780457 / 219036000,OWTB2,399 / 58 m,8.0 m,220.0° / 0.0 kn,29.79377 N/122.12388 E,219036000,220.0°,0.0 kn,29.79377,122.12388,399,58 m
9778844,MARSEILLE MAERSK,Container Ship,Denmark,214286,190326,399,59,None,2018,None,,,,Cargo ship (HAZ-D),MYTPP - EGSUC,"May 8, 21:00",9778844 / 219854000,OWPU2,399 / 58 m,16.6 m,287.0° / 18.3 kn,8.6842 N/69.88818 E,219854000,287.0°,18.3 kn,8.6842,69.88818,399,58 m
9780469,MANILA MAERSK,Container Ship,Denmark,214286,190326,399,59,None,2018,None,,,,Cargo ship (HAZ-A),NLROT >> DEBRV,"May 4, 15:30",9780469 / 219038000,OWPP2,399 / 58 m,13.7 m,30.5° / 0.1 kn,51.95553 N/4.00355 E,219038000,30.5°,0.1 kn,51.95553,4.00355,399,58 m
9776224,OOCL INDONESIA,Container Ship,Hong Kong,210890,191374,400,59,None,2018,None,,,,Cargo ship,SGSIN>EGSUZ,"May 4, 20:00",9776224 / 477147600,VRRH6,400 / 59 m,14.4 m,335.8° / 18.0 kn,16.78826 N/40.86946 E,477147600,335.8°,18.0 kn,16.78826,40.86946,400,59 m
9776183,OOCL GERMANY,Container Ship,Hong Kong,210890,191688,400,59,None,2017,None,,,,Cargo ship,NLRTM>>GRPIR,"May 7, 10:00",9776183 / 477035800,VRQS3,400 / 59 m,14.0 m,178.4° / 19.8 kn,38.75915 N/10.10707 W,477035800,178.4°,19.8 kn,38.75915,-10.10707,400,59 m
9776200,OOCL UNITED KINGDOM,Container Ship,Hong Kong,210890,191570,400,59,None,2017,None,,,,Cargo ship (HAZ-A),GB FXT=>BE ZEE,"May 1, 22:30",9776200 / 477103800,VRQZ8,400 / 59 m,12.4 m,343.9° / 0.1 kn,51.34789 N/3.18781 E,477103800,343.9°,0.1 kn,51.34789,3.18781,400,59 m
9776212,OOCL SCANDINAVIA,Container Ship,Hong Kong,210890,191343,400,59,None,2017,None,,,,Cargo ship,EG CUR=>SHF TW,"May 4, 13:00",9776212 / 477121200,VRRB8,398 / 60 m,16.3 m,89.0° / 15.6 kn,5.97651 N/94.09219 E,477121200,89.0°,15.6 kn,5.97651,94.09219,398,60 m
9776195,OOCL JAPAN,Container Ship,Hong Kong,210890,191640,400,59,None,2017,None,,,,Cargo ship,ARM GUARD ONBOARD,"May 12, 03:30",9776195 / 477100400,VRQX5,400 / 59 m,15.8 m,72.0° / 17.3 kn,13.30394 N/49.53178 E,477100400,72.0°,17.3 kn,13.30394,49.53178,400,59 m
9776171,OOCL HONG KONG,Container Ship,Hong Kong,210890,191422,400,59,None,2017,None,,,,Cargo ship,EGSUZ>GBFXT,"May 6, 07:30",9776171 / 477333500,VRQL9,400 / 59 m,15.2 m,260.6° / 19.0 kn,36.33437 N/2.97255 W,477333500,260.6°,19.0 kn,36.33437,-2.97255,400,59 m
9773210,MOL TRUTH,Container Ship,Panama,210691,189766,400,59,None,2017,None,,,,Cargo ship (HAZ-B),BUSAN NEW PORT KRPUS,"May 1, 00:01",9773210 / 356984000,3FBJ9,399 / 58 m,11.5 m,334.0° / 0.0 kn,34.24173 N/128.25069 E,356984000,334.0°,0.0 kn,34.24173,128.25069,399,58 m
9773222,MOL TREASURE,Container Ship,Panama,210691,189766,400,59,None,2018,None,,,,Cargo ship (HAZ-A),CNYSA,"May 5, 14:00",9773222 / 357210000,3EUO7,400 / 58 m,14.0 m,30.0° / 12.1 kn,19.24436 N/115.54021 E,357210000,30.0°,12.1 kn,19.24436,115.54021,400,58 m
9769295,MOL TRIBUTE,Container Ship,Marshall Islands,210678,197106,400,59,None,2017,None,,,,Cargo ship (HAZ-A),CNYSA,"May 2, 08:45",9769295 / 538007476,V7PO8,400 / 59 m,11.2 m,103.3° / 0.0 kn,30.65266 N/122.02184 E,538007476,103.3°,0.0 kn,30.65266,122.02184,400,59 m
9769283,MOL TRUST,Container Ship,Marshall Islands,210678,197059,400,59,None,2017,None,,,,Cargo ship (HAZ-A),AE JEA,"May 9, 01:00",9769283 / 538007378,V7LF7,400 / 59 m,15.1 m,149.9° / 14.5 kn,19.56864 N/39.30321 E,538007378,149.9°,14.5 kn,19.56864,39.30321,400,59 m
9769271,MOL TRIUMPH,Container Ship,Marshall Islands,210678,196878,400,59,None,2017,None,,,,Cargo ship (HAZ-A),CN TAO > KR PUS,"Apr 16, 16:00",9769271 / 538007360,V7FQ8,400 / 59 m,11.4 m,168.0° / 0.0 kn,34.87177 N/128.80345 E,538007360,168.0°,0.0 kn,34.87177,128.80345,400,59 m
9769300,MOL TRADITION,Container Ship,Marshall Islands,210678,197046,400,59,None,2017,None,,,,Cargo ship (HAZ-A),AWAITING ORDERS,"Jun 21, 00:01",9769300 / 538007606,V7WF4,400 / 59 m,10.2 m,250.0° / 0.0 kn,35.71687 N/121.08004 E,538007606,250.0°,0.0 kn,35.71687,121.08004,400,59 m
9839301,MSC SIXIN,Container Ship,Panama,210000,197500,400,61,,2019,,,,,Cargo ship,CNXMN,"May 2, 11:30",9839301 / 370711000,HP2652,399 / 61 m,13.9 m,314.3° / 0.0 kn,24.44133 N/118.03311 E,370711000,314.3°,0.0 kn,24.44133,118.03311,399,61 m
9839466,MSC MIA,Container Ship,Panama,210000,197500,400,62,,2019,,,,,Cargo ship,CNNGB,"Apr 30, 07:10",9839466 / 355798000,HP6643,400 / 62 m,11.7 m,160.0° / 0.0 kn,29.89173 N/122.04008 E,355798000,160.0°,0.0 kn,29.89173,122.04008,400,62 m
9839430,MSC GULSUN,Container Ship,Panama,210000,197500,400,62,,2019,,,,,Cargo ship (HAZ-A),PUSAN,"May 1, 01:00",9839430 / 372003000,3FTV6,400 / 62 m,11.9 m,226.0° / 11.6 kn,33.66099 N/127.86027 E,372003000,226.0°,11.6 kn,33.66099,127.86027,400,62 m
9839478,MSC FEBE,Container Ship,Panama,210000,197500,400,62,,2019,,,,,Cargo ship (HAZ-A),SINGAPORE W.B.G.A.,"May 28, 22:00",9839478 / 372729000,3EXK8,400 / 62 m,15.4 m,321.5° / 0.0 kn,36.14534 N/5.43528 W,372729000,321.5°,0.0 kn,36.14534,-5.43528,400,62 m
9839260,MSC MINA,Container Ship,Panama,210000,197500,400,61,,2019,,,,,Cargo ship,BUSAN,"Apr 25, 12:00",9839260 / 351862000,3ENB2,400 / 61 m,11.5 m,283.0° / 0.1 kn,34.15089 N/128.21767 E,351862000,283.0°,0.1 kn,34.15089,128.21767,400,61 m
9839296,MSC NELA,Container Ship,Panama,210000,197500,400,61,,2019,,,,,Cargo ship,NINGBO,"May 6, 12:00",9839296 / 356234000,HP7585,399 / 61 m,11.8 m,267.0° / 18.8 kn,34.18912 N/130.24264 W,356234000,267.0°,18.8 kn,34.18912,-130.24264,399,61 m
9839272,MSC ISABELLA,Container Ship,Panama,210000,197500,400,61,,2019,,,,,Cargo ship (HAZ-A),SUEZ,"May 3, 20:30",9839272 / 353590000,HP3521,400 / 61 m,14.4 m,106.3° / 18.0 kn,34.26089 N/22.05967 E,353590000,106.3°,18.0 kn,34.26089,22.05967,400,61 m
9839454,MSC LENI,Container Ship,Panama,210000,197500,400,62,,2019,,,,,Cargo ship,GBFXT,"May 2, 16:00",9839454 / 356432000,3FPV5,400 / 62 m,11.7 m,297.3° / 11.4 kn,51.83371 N/1.83269 E,356432000,297.3°,11.4 kn,51.83371,1.83269,400,62 m
9839480,MSC AMBRA,Container Ship,Panama,210000,197500,,,,2019,,,,,Cargo ship (HAZ-A),WAITING ORDERS,"Jul 8, 05:30",9839480 / 352269000,3FKB,400 / 62 m,9.8 m,91.0° / 0.1 kn,35.58779 N/121.33042 E,352269000,91.0°,0.1 kn,35.58779,121.33042,400,62 m
9839442,MSC SAMAR,Container Ship,Panama,210000,197500,400,62,,2019,,,,,Cargo ship (HAZ-A),ROTTERDAM,"May 2, 17:30",9839442 / 371047000,3FKE9,400 / 62 m,10.6 m,19.5° / 10.9 kn,51.72276 N/3.24487 E,371047000,19.5°,10.9 kn,51.72276,3.24487,400,62 m
9839284,MSC ARINA,Container Ship,Panama,210000,197500,400,61,,2019,,,,,Cargo ship (HAZ-B),MYTPP>EGSUZ,"May 4, 20:00",9839284 / 374607000,H9BV,400 / 61 m,13.3 m,329.7° / 15.8 kn,18.26615 N/40.00068 E,374607000,329.7°,15.8 kn,18.26615,40.00068,400,61 m
9665085,PFLNG SATU,Offshore Support Vessel,Malaysia,204818,167341,365,74,None,2016,,,,,Other type (HAZ-A),,,9665085 / 533130229,9WJY6,365 / 60 m,12.5 m,264.6° / 0.0 kn,6.44839 N/115.43464 E,533130229,264.6°,0.0 kn,6.44839,115.43464,365,60 m
9806897,YUAN YI HAI,Bulk Carrier,Singapore,203483,399000,362,65,None,2018,,,,,Cargo ship,CN DJK,"May 17, 03:00",9806897 / 563065300,9V5554,361 / 65 m,23.2 m,66.0° / 8.1 kn,27.08366 S/45.13553 E,563065300,66.0°,8.1 kn,-27.08366,45.13553,361,65 m
9807061,PACIFIC AUSPICE,Bulk Carrier,Hong Kong,203483,400000,362,65,None,2018,,,,,Cargo ship,PDM BRAZIL,"Jun 4, 17:00",9807061 / 477244800,VRRK3,362 / 65 m,11.9 m,314.0° / 12.3 kn,3.11597 N/100.6795 E,477244800,314.0°,12.3 kn,3.11597,100.6795,362,65 m
9806940,YUAN HUA HAI,Bulk Carrier,Singapore,203483,399000,362,65,,2019,,,,,Cargo ship,,,9806940 / 563093200,9V5559,362 / 65 m,11.5 m,53.0° / 13.0 kn,1.7184 S/43.8192 W,563093200,53.0°,13.0 kn,-1.7184,-43.8192,362,65 m
9806926,YUAN SHEN HAI,Bulk Carrier,Singapore,203483,399000,362,65,,2019,,,,,Cargo ship,BRPMA,"Apr 30, 09:42",9806926 / 563083300,9V5557,362 / 65 m,11.4 m,303.0° / 0.0 kn,2.16078 S/44.15248 W,563083300,303.0°,0.0 kn,-2.16078,-44.15248,362,65 m
9806873,YUAN HE HAI,Bulk Carrier,Singapore,203403,398595,362,65,None,2018,,,,,Cargo ship,TUBARAO BR,"May 21, 12:00",9806873 / 563045200,9V5551,362 / 65 m,13.4 m,232.0° / 12.8 kn,4.23378 N/92.16016 E,563045200,232.0°,12.8 kn,4.23378,92.16016,362,65 m
9806976,PACIFIC UNITY,Bulk Carrier,Hong Kong,203396,399000,362,65,None,2018,,,,,Cargo ship,TRMT-MALAYSIA,"May 29, 02:00",9806976 / 477159400,VRRJ4,362 / 65 m,23.1 m,93.0° / 8.9 kn,1.96115 S/40.40479 W,477159400,93.0°,8.9 kn,-1.96115,-40.40479,362,65 m
9806990,PACIFIC VISION,Bulk Carrier,Hong Kong,203396,398411,362,65,None,2018,,,,,Cargo ship,PDM/BRAZIL,"Apr 8, 23:36",9806990 / 477232500,VRRJ5,362 / 65 m,11.3 m,249.0° / 0.0 kn,2.09423 S/44.08713 W,477232500,249.0°,0.0 kn,-2.09423,-44.08713,362,65 m
9807059,PACIFIC PROSPERITY,Bulk Carrier,Hong Kong,203389,399000,362,65,None,2018,,,,,Cargo ship,SGP SIN PJSB,"Apr 27, 05:29",9807059 / 477184100,VRRJ9,362 / 65 m,11.9 m,220.0° / 13.0 kn,16.1309 N/115.84014 E,477184100,220.0°,13.0 kn,16.1309,115.84014,362,65 m
9815214,ORE SHANGHAI,Bulk Carrier,Hong Kong,203347,399294,362,65,None,2018,,,,,Cargo ship,"DONGJIAKOU, CHINA","Jun 18, 12:00",9815214 / 477232900,VRRL6,362 / 65 m,22.5 m,97.0° / 10.0 kn,1.74519 S/42.48713 W,477232900,97.0°,10.0 kn,-1.74519,-42.48713,362,65 m
9807023,ORE TIANJIN,Bulk Carrier,Hong Kong,203339,399213,362,65,None,2018,,,,,Cargo ship,BR TUBARAO,"May 2, 12:30",9807023 / 477153600,VRRK6,362 / 65 m,11.9 m,34.0° / 0.0 kn,20.38148 S/40.18219 W,477153600,34.0°,0.0 kn,-20.38148,-40.18219,362,65 m
9807047,ORE XIAMEN,Bulk Carrier,Hong Kong,203339,399251,362,65,None,2018,,,,,Cargo ship,DONGJIAKOU CHINA,"Jun 13, 18:00",9807047 / 477237500,VRRL5,362 / 65 m,22.9 m,107.0° / 8.6 kn,20.37962 S/40.06112 W,477237500,107.0°,8.6 kn,-20.37962,-40.06112,362,65 m
9807035,ORE DALIAN,Bulk Carrier,Hong Kong,203339,400000,362,65,None,2018,,,,,Cargo ship,OM SOH,"May 29, 22:30",9807035 / 477202100,VRRK9,362 / 65 m,22.9 m,117.0° / 11.1 kn,20.71459 S/39.37624 W,477202100,117.0°,11.1 kn,-20.71459,-39.37624,362,65 m
9815238,ORE HONG KONG,Bulk Carrier,Hong Kong,203326,399214,362,65,None,2018,,,,,Cargo ship,,,9815238 / 477162700,VRRK5,362 / 65 m,11.4 m,224.0° / 0.0 kn,2.09079 S/44.14983 W,477162700,224.0°,0.0 kn,-2.09079,-44.14983,362,65 m
9807700,ORE GUANGZHOU,Bulk Carrier,Hong Kong,203326,400000,362,65,None,2018,,,,,Cargo ship,DJK   CN,"Jun 2, 21:00",9807700 / 477184800,VRRL3,362 / 65 m,23.1 m,110.0° / 10.3 kn,32.59328 S/11.91693 E,477184800,110.0°,10.3 kn,-32.59328,11.91693,362,65 m
9807695,ORE SHENZHEN,Bulk Carrier,Hong Kong,203326,398997,362,65,None,2018,,,,,Cargo ship,BR.PMA,"Apr 17, 06:00",9807695 / 477168700,VRRL2,362 / 65 m,11.5 m,108.0° / 0.2 kn,2.11133 S/44.11784 W,477168700,108.0°,0.2 kn,-2.11133,-44.11784,362,65 m
9806914,YUAN JIN HAI,Bulk Carrier,Singapore,203322,399000,362,65,None,2018,,,,,Cargo ship,DONGJIAKOU CN,"Jun 7, 05:00",9806914 / 563072400,9V5556,361 / 65 m,23.0 m,118.0° / 11.4 kn,4.11742 S/36.04342 W,563072400,118.0°,11.4 kn,-4.11742,-36.04342,361,65 m
9807736,PACIFIC FLOURISH,Bulk Carrier,Hong Kong,203322,399116,362,65,None,2018,,,,,Cargo ship,PDM BR,"May 17, 18:00",9807736 / 477176600,VRRJ7,362 / 65 m,12.9 m,232.0° / 14.1 kn,4.33518 N/92.28942 E,477176600,232.0°,14.1 kn,4.33518,92.28942,362,65 m
9807748,PACIFIC CAREER,Bulk Carrier,Hong Kong,203322,399172,362,65,None,2018,,,,,Cargo ship,TUBARAO BR,"May 7, 02:00",9807748 / 477232700,VRRK2,362 / 65 m,11.9 m,288.0° / 12.4 kn,33.07913 S/15.28896 E,477232700,288.0°,12.4 kn,-33.07913,15.28896,362,65 m
9532537,ORE HEBEI,Bulk Carrier,Hong Kong,201989,400535,360,65,None,2012,,,None,,Cargo ship,PDM BRAZIL,"Apr 27, 22:00",9532537 / 477510200,VRPG8,360 / 65 m,11.5 m,150.0° / 0.1 kn,2.15792 S/44.1342 W,477510200,150.0°,0.1 kn,-2.15792,-44.1342,360,65 m
9532549,ORE SHANDONG,Bulk Carrier,Hong Kong,201989,400000,360,65,None,2012,,,None,,Cargo ship,BR PMA,"Apr 24, 11:00",9532549 / 477510500,VRPH3,360 / 65 m,10.9 m,169.0° / 0.1 kn,2.14237 S/44.12832 W,477510500,169.0°,0.1 kn,-2.14237,-44.12832,360,65 m
9522972,ORE CHINA,Bulk Carrier,Hong Kong,201384,400606,360,65,None,2011,,,None,,Cargo ship,CN DJK,"Jun 10, 10:00",9522972 / 477510400,VRPH2,360 / 65 m,22.7 m,120.0° / 9.1 kn,4.03396 S/35.60013 W,477510400,120.0°,9.1 kn,-4.03396,-35.60013,360,65 m
9532525,PACIFIC WARRIOR,Bulk Carrier,Hong Kong,201384,400398,360,65,None,2012,,,None,,Cargo ship,CN DONGJIAKOU,"May 22, 02:00",9532525 / 477178500,VROZ4,360 / 65 m,23.0 m,87.0° / 11.7 kn,35.1872 S/20.73374 E,477178500,87.0°,11.7 kn,-35.1872,20.73374,360,65 m
9565065,SOHAR MAX,Bulk Carrier,Marshall Islands,201384,400315,360,65,None,2012,,,None,,Cargo ship,,,9565065 / 538004888,V7ZP8,360 / 65 m,6.3 m,215.0° / 0.0 kn,19.66185 N/57.72082 E,538004888,215.0°,0.0 kn,19.66185,57.72082,360,65 m
9532551,YUAN ZHEN HAI,Bulk Carrier,Singapore,201384,399997,360,65,None,2013,,,None,,Cargo ship,DALIAN,"May 2, 07:00",9532551 / 566587000,9V9120,360 / 65 m,9.5 m,359.2° / 0.1 kn,38.79642 N/121.97968 E,566587000,359.2°,0.1 kn,38.79642,121.97968,360,65 m
9532587,YUAN JIAN HAI,Bulk Carrier,Singapore,201384,399995,360,65,None,2013,,,None,,Cargo ship,DONGJIAKOU,"May 12, 08:00",9532587 / 563254000,9V9122,360 / 65 m,23.1 m,91.0° / 11.1 kn,33.98065 S/30.36042 E,563254000,91.0°,11.1 kn,-33.98065,30.36042,360,65 m
9532604,PACIFIC MERCHANTS,Bulk Carrier,Hong Kong,201384,400101,360,65,None,2014,,,None,,Cargo ship,PDM BRA,"Apr 17, 21:00",9532604 / 477178700,VROY9_,360 / 65 m,10.6 m,50.0° / 0.0 kn,2.56776 S/44.37964 W,477178700,50.0°,0.0 kn,-2.56776,-44.37964,360,65 m
9566514,LIWA MAX,Bulk Carrier,Marshall Islands,201384,400315,360,65,None,2012,,,None,,Cargo ship,,,9566514 / 538004889,V7ZP9,360 / 65 m,7.0 m,227.0° / 0.0 kn,19.66099 N/57.71673 E,538004889,227.0°,0.0 kn,19.66099,57.71673,360,65 m
9566538,SHINAS MAX,Bulk Carrier,Marshall Islands,201336,400420,360,65,None,2013,,,None,,Cargo ship,,,9566538 / 538004899,V7ZR8,360 / 65 m,7.0 m,222.0° / 0.0 kn,19.66717 N/57.71647 E,538004899,222.0°,0.0 kn,19.66717,57.71647,360,65 m
9566526,SAHAM MAX,Bulk Carrier,Marshall Islands,201336,400694,360,65,None,2013,,,None,,Cargo ship,OM DQM>AE FJR,"May 2, 16:30",9566526 / 538004900,V7ZR9,360 / 65 m,13.5 m,288.2° / 9.8 kn,25.19798 N/56.72195 E,538004900,288.2°,9.8 kn,25.19798,56.72195,360,65 m
9807009,PACIFIC EXCELLENCE,Bulk Carrier,Hong Kong,201000,400000,362,65,None,2018,,,,,Unknown,PDM/BRAZIL,"May 1, 02:00",9807009 / 477286900,VRRI8,362 / 65 m,11.2 m,298.0° / 0.0 kn,2.19234 S/44.17688 W,477286900,298.0°,0.0 kn,-2.19234,-44.17688,362,65 m
9806988,PACIFIC HARVEST,Bulk Carrier,Hong Kong,201000,400000,362,65,None,2018,,,,,Cargo ship,CN DJK,"Jun 19, 05:00",9806988 / 477191200,VRRJ8,362 / 65 m,23.3 m,130.0° / 8.2 kn,5.52661 S/33.69457 W,477191200,130.0°,8.2 kn,-5.52661,-33.69457,362,65 m
9575515,SEA MARANHAO,Bulk Carrier,Korea,200679,403844,361,66,None,2013,,,None,,Cargo ship,"JEJU,R.KOREA","May 2, 03:00",9575515 / 441467000,D7AM,361 / 65 m,13.5 m,180.0° / 13.6 kn,31.97656 N/126.32111 E,441467000,180.0°,13.6 kn,31.97656,126.32111,361,65 m
9575486,SEA FUJIYAMA,Bulk Carrier,Marshall Islands,199959,374400,361,66,None,2012,,,None,,Cargo ship,"PDM,BRAZIL","May 4, 19:00",9575486 / 538004778,V7ZA5,361 / 65 m,14.4 m,312.0° / 15.2 kn,4.53629 S/35.1232 W,538004778,312.0°,15.2 kn,-4.53629,-35.1232,361,65 m
9575486,SEA FUJIYAMA,Bulk Carrier,Marshall Islands,199959,374400,361,66,None,2012,,,None,,Cargo ship,"PDM,BRAZIL","May 4, 19:00",9575486 / 538004778,V7ZA5,361 / 65 m,14.4 m,312.0° / 15.2 kn,4.53629 S/35.1232 W,538004778,312.0°,15.2 kn,-4.53629,-35.1232,361,65 m
9575486,SEA FUJIYAMA,Bulk Carrier,Marshall Islands,199959,374400,361,66,None,2012,,,None,,Cargo ship,"PDM,BRAZIL","May 4, 19:00",9575486 / 538004778,V7ZA5,361 / 65 m,14.4 m,312.0° / 15.2 kn,4.53629 S/35.1232 W,538004778,312.0°,15.2 kn,-4.53629,-35.1232,361,65 m
9789623,COSCO SHIPPING AQUARIUS,Container Ship,Hong Kong,199000,197500,400,59,,2019,,,,,Cargo ship (HAZ-A),AE KHL,"May 2, 09:00",9789623 / 477308100,VRSO5,400 / 59 m,12.9 m,279.9° / 0.4 kn,24.97652 N/54.53631 E,477308100,279.9°,0.4 kn,24.97652,54.53631,400,59 m
9572329,SHANDONG DA DE,Bulk Carrier,Hong Kong,198980,402303,362,65,None,2011,,,None,,Cargo ship,BR TUB,"May 9, 12:00",9572329 / 477118900,VRRB6,362 / 65 m,12.4 m,288.0° / 13.7 kn,33.02315 S/10.25909 E,477118900,288.0°,13.7 kn,-33.02315,10.25909,362,65 m
9593957,SHANDONG DA ZHI,Bulk Carrier,Hong Kong,198980,402387,360,65,None,2012,,,None,,Cargo ship,BR PDM,"Apr 18, 09:00",9593957 / 477148200,VRRI4,362 / 65 m,11.2 m,262.0° / 0.0 kn,2.55544 S/44.38064 W,477148200,262.0°,0.0 kn,-2.55544,-44.38064,362,65 m
9488918,ORE BRASIL,Bulk Carrier,Hong Kong,198980,402347,362,65,None,2011,,,None,,Cargo ship,BRPMA>CNSLG,"May 1, 21:00",9488918 / 477913700,VRPY5,362 / 65 m,22.8 m,197.3° / 0.1 kn,30.43838 N/122.75991 E,477913700,197.3°,0.1 kn,30.43838,122.75991,362,65 m
9593919,SHANDONG DA CHENG,Bulk Carrier,Hong Kong,198980,402285,362,65,None,2012,,,None,,Cargo ship,,,9593919 / 477118800,VRRB5,362 / 65 m,5.5 m,3.0° / 0.1 kn,30.16523 N/122.01825 E,477118800,3.0°,0.1 kn,30.16523,122.01825,362,65 m
9572343,SHANDONG DA REN,Bulk Carrier,Hong Kong,198980,402285,362,65,None,2012,,,None,,Cargo ship,BR PMA,"May 5, 21:00",9572343 / 477147900,VRRI5,362 / 65 m,12.7 m,306.0° / 8.7 kn,32.58615 S/15.32184 E,477147900,306.0°,8.7 kn,-32.58615,15.32184,362,65 m
9789647,COSCO SHIPPING PISCES,Container Ship,Hong Kong,196670,196996,400,59,None,2019,,,,,Cargo ship (HAZ-A),CNYTN,"May 2, 13:30",9789647 / 477232800,VRSG2,400 / 59 m,14.3 m,243.1° / 0.5 kn,22.56987 N/114.28813 E,477232800,243.1°,0.5 kn,22.56987,114.28813,400,59 m
9783497,COSCO SHIPPING ARIES,Container Ship,Hong Kong,196670,197021,400,59,None,2018,None,,,,Cargo ship (HAZ-A),SHANG HAI,"May 5, 00:00",9783497 / 477148800,VRRB4,400 / 59 m,14.5 m,30.0° / 17.1 kn,18.19355 N/114.62802 E,477148800,30.0°,17.1 kn,18.19355,114.62802,400,59 m
9783514,COSCO SHIPPING CAPRICORN,Container Ship,Hong Kong,196670,197087,400,59,None,2018,None,,,,Cargo ship (HAZ-A),HAMBURG,"May 1, 13:00",9783514 / 477168900,VRRU3,400 / 59 m,11.6 m,184.6° / 0.0 kn,53.53083 N/9.95288 E,477168900,184.6°,0.0 kn,53.53083,9.95288,400,59 m
9789635,COSCO SHIPPING SCORPIO,Container Ship,Hong Kong,196670,196913,400,59,None,2018,None,,,,Cargo ship (HAZ-A),CN SHA,"May 1, 22:00",9789635 / 477183800,VRRX5,400 / 59 m,13.6 m,277.9° / 0.0 kn,30.63016 N/122.04975 E,477183800,277.9°,0.0 kn,30.63016,122.04975,400,59 m
9783502,COSCO SHIPPING LEO,Container Ship,Hong Kong,196670,197061,400,59,None,2018,None,,,,Cargo ship (HAZ-A),PORTSAID SZC,"May 10, 20:00",9783502 / 477157800,VRRO4,400 / 59 m,15.6 m,235.3° / 18.9 kn,50.7216 N/0.86264 E,477157800,235.3°,18.9 kn,50.7216,0.86264,400,59 m
9708863,AL MURAYKH,Container Ship,Malta,195636,199744,400,59,None,2015,None,,,,Unknown (HAZ-A),AEJEA>SGSIN,"May 5, 21:00",9708863 / 229928000,9HA3725,400 / 58 m,15.2 m,91.0° / 17.7 kn,5.73049 N/82.32123 E,229928000,91.0°,17.7 kn,5.73049,82.32123,400,58 m
9708825,AL DAHNA,Container Ship,Malta,195636,199744,400,59,None,2016,None,,,,Cargo ship (HAZ-A),GBSOU > DEHAM,"May 5, 20:30",9708825 / 229927000,9HA3724,400 / 59 m,15.0 m,48.6° / 0.0 kn,50.90537 N/1.44479 W,229927000,48.6°,0.0 kn,50.90537,-1.44479,400,59 m
9736107,TIHAMA,Container Ship,Malta,195636,199744,400,59,None,2016,None,,,,Unknown,SG SIN>>EG SUZ,"May 12, 13:00",9736107 / 256217000,9HA3852,400 / 59 m,15.2 m,267.0° / 16.7 kn,5.7142 N/86.67331 E,256217000,267.0°,16.7 kn,5.7142,86.67331,400,59 m
9708813,AL NEFUD,Container Ship,Malta,195636,199744,400,59,None,2015,None,,,,Unknown (HAZ-A),EG SUZ>GB SOU,"May 7, 08:30",9708813 / 229926000,9HA3723,400 / 59 m,14.0 m,269.0° / 17.0 kn,37.64813 N/8.91576 E,229926000,269.0°,17.0 kn,37.64813,8.91576,400,59 m
9708851,BARZAN,Container Ship,Malta,195636,199744,400,59,None,2015,None,,,,Cargo ship (HAZ-A),DEHAM>NLRTM,"May 3, 16:00",9708851 / 229930000,9HA3727,400 / 59 m,12.1 m,199.6° / 0.0 kn,53.53281 N/9.91264 E,229930000,199.6°,0.0 kn,53.53281,9.91264,400,59 m
9708875,AL ZUBARA,Container Ship,Malta,195636,199744,400,59,None,2015,None,,,,Unknown,OPL,"May 22, 11:00",9708875 / 229929000,9HA3726,400 / 59 m,8.6 m,153.2° / 0.0 kn,35.68266 N/121.05337 E,229929000,153.2°,0.0 kn,35.68266,121.05337,400,59 m
9447550,BERGE JAYA,Bulk Carrier,United Kingdom,195199,388079,361,65,None,2012,,,None,,Cargo ship,SG SIN,"May 6, 10:00",9447550 / 235092455,2FMJ3,361 / 65 m,13.9 m,211.0° / 13.8 kn,18.84075 N/117.50083 E,235092455,211.0°,13.8 kn,18.84075,117.50083,361,65 m
9447562,BERGE NEBLINA,Bulk Carrier,United Kingdom,195199,388079,361,65,None,2013,,,None,,Cargo ship,MAJISHAN  CHINA,"May 27, 03:00",9447562 / 235094793,2FWI7,361 / 65 m,23.0 m,78.0° / 13.1 kn,34.0352 S/28.7559 E,235094793,78.0°,13.1 kn,-34.0352,28.7559,361,65 m
9447536,BERGE EVEREST,Bulk Carrier,United Kingdom,195199,388079,361,65,None,2011,,,None,,Cargo ship,DONGJIAKOU,"Jun 10, 08:00",9447536 / 235118625,2JST6,361 / 65 m,23.3 m,32.0° / 5.2 kn,2.30474 S/44.2603 W,235118625,32.0°,5.2 kn,-2.30474,-44.2603,361,65 m
9447548,BERGE ACONCAGUA,Bulk Carrier,United Kingdom,195199,388079,361,65,None,2012,,,None,,Cargo ship,QINGDAO,"Jun 3, 03:30",9447548 / 235090341,2FDN7,361 / 65 m,23.3 m,109.0° / 11.8 kn,4.04851 S/36.10582 W,235090341,109.0°,11.8 kn,-4.04851,-36.10582,361,65 m
9783526,COSCO SHIPPING GEMINI,Container Ship,Hong Kong,194864,202014,400,59,None,2018,None,,,,Cargo ship (HAZ-A),YANGSHAN,"May 11, 17:00",9783526 / 477154700,VRRO3,399 / 59 m,14.8 m,108.0° / 19.2 kn,6.73618 N/76.8079 E,477154700,108.0°,19.2 kn,6.73618,76.8079,399,59 m
9783538,COSCO SHIPPING LIBRA,Container Ship,Hong Kong,194864,201823,400,59,None,2018,None,,,,Cargo ship (HAZ-A),JEBEL ALI,"May 6, 13:00",9783538 / 477172700,VRRV4,399 / 59 m,14.4 m,312.0° / 16.3 kn,11.86168 N/72.86454 E,477172700,312.0°,16.3 kn,11.86168,72.86454,399,59 m
9783459,COSCO SHIPPING TAURUS,Container Ship,Hong Kong,194864,201868,400,59,None,2018,None,,,,Cargo ship (HAZ-A),YANGSHAN,"May 19, 00:00",9783459 / 477139100,VRRE2,400 / 59 m,15.0 m,154.0° / 19.0 kn,29.31647 N/32.67139 E,477139100,154.0°,19.0 kn,29.31647,32.67139,400,59 m
9783461,COSCO SHIPPING VIRGO,Container Ship,Hong Kong,194864,201827,400,59,None,2018,None,,,,Cargo ship (HAZ-A),SGSIN EBGA,"May 3, 12:00",9783461 / 477166500,VRRT2,400 / 59 m,15.1 m,208.0° / 20.8 kn,6.96764 N/107.87197 E,477166500,208.0°,20.8 kn,6.96764,107.87197,400,59 m
9632143,MARCHEN MAERSK,Container Ship,Denmark,194849,194897,399,59,None,2015,None,,,,Cargo ship,CNTST,"Apr 15, 00:50",9632143 / 219630000,OWUJ2,399 / 59 m,8.0 m,- / 0.0 kn,35.99625 N/120.25969 E,219630000,-,0.0 kn,35.99625,120.25969,399,59 m
9632117,MUNKEBO MAERSK,Container Ship,Denmark,194849,194690,399,60,None,2014,None,,,,Cargo ship (HAZ-A),DEBRV>DEWVN,"May 4, 12:00",9632117 / 219021000,OWUQ2,399 / 60 m,14.5 m,321.0° / 0.0 kn,53.59708 N/8.51645 E,219021000,321.0°,0.0 kn,53.59708,8.51645,399,60 m
9632167,MARIT MAERSK,Container Ship,Denmark,194849,195059,399,59,None,2015,None,,,,Cargo ship,QINGDAO OPL,"May 13, 08:00",9632167 / 219632000,OWYH2,399 / 60 m,10.1 m,292.3° / 0.1 kn,35.86185 N/121.67333 E,219632000,292.3°,0.1 kn,35.86185,121.67333,399,60 m
9619921,MARY MAERSK,Container Ship,Denmark,194849,194252,399,59,None,2013,None,,,,Cargo ship (HAZ-A),EGSUC>>>MYTPP,"May 12, 21:00",9619921 / 219018692,OWJE2,399 / 60 m,16.9 m,150.0° / 18.8 kn,22.9844 N/36.91787 E,219018692,150.0°,18.8 kn,22.9844,36.91787,399,60 m
9619945,MADISON MAERSK,Container Ship,Denmark,194849,194394,399,59,None,2014,None,,,,Cargo ship (HAZ-A),CNTST-KRKWY,"May 2, 15:00",9619945 / 219018864,OWJG2,399 / 60 m,14.4 m,346.0° / 4.1 kn,34.50578 N/127.98752 E,219018864,346.0°,4.1 kn,34.50578,127.98752,399,60 m
9619969,MARIBO MAERSK,Container Ship,Denmark,194849,194433,399,59,None,2014,None,,,,Cargo ship (HAZ-A),AE JAL>CN NPO,"May 2, 04:00",9619969 / 219019094,OWJJ2,399 / 60 m,11.5 m,84.0° / 0.1 kn,29.6347 N/122.9732 E,219019094,84.0°,0.1 kn,29.6347,122.9732,399,60 m
9619983,MATZ MAERSK,Container Ship,Denmark,194849,194284,399,59,None,2014,None,,,,Cargo ship (HAZ-A),CNYAN - MYTPP,"May 1, 08:00",9619983 / 219019365,OWJM2,399 / 60 m,14.5 m,339.0° / 0.0 kn,1.33323 N/103.55592 E,219019365,339.0°,0.0 kn,1.33323,103.55592,399,60 m
9619907,MAERSK MC-KINNEY MOLLER,Container Ship,Denmark,194849,194153,399,59,None,2013,None,,,,Cargo ship,EGSUC>>>NLRTM,"May 8, 02:00",9619907 / 219018271,OWIZ2,399 / 60 m,15.7 m,287.0° / 18.0 kn,36.23592 N/15.43708 E,219018271,287.0°,18.0 kn,36.23592,15.43708,399,60 m
9619957,MAGLEBY MAERSK,Container Ship,Denmark,194849,194417,399,59,None,2014,None,,,,Cargo ship,YIU LIAN DOCKYARD,"May 10, 08:01",9619957 / 219018986,OWJI2,399 / 60 m,7.9 m,290.0° / 0.0 kn,30.47935 N/122.28783 E,219018986,290.0°,0.0 kn,30.47935,122.28783,399,60 m
9632129,MAREN MAERSK,Container Ship,Denmark,194849,195118,399,60,None,2014,None,,,,Cargo ship (HAZ-A),DEWVN>>MAPTM,"May 2, 01:00",9632129 / 219620000,OWTG2,399 / 60 m,16.1 m,43.0° / 0.0 kn,35.89188 N/5.4955 W,219620000,43.0°,0.0 kn,35.89188,-5.4955,399,60 m
9619919,MAJESTIC MAERSK,Container Ship,Denmark,194849,194431,399,59,None,2013,None,,,,Cargo ship (HAZ-B),YANTIAN,"May 5, 07:00",9619919 / 219018501,OWJD2,399 / 60 m,14.9 m,103.1° / 13.7 kn,30.52255 N/122.41708 E,219018501,103.1°,13.7 kn,30.52255,122.41708,399,60 m
9632064,MERETE MAERSK,Container Ship,Denmark,194849,194915,399,59,None,2014,None,,,,Cargo ship (HAZ-A),CNHSK > KRBUS,"May 1, 14:00",9632064 / 219581000,OWQZ2,399 / 60 m,14.2 m,176.0° / 15.1 kn,34.66802 N/128.88462 E,219581000,176.0°,15.1 kn,34.66802,128.88462,399,60 m
9632090,MOGENS MAERSK,Container Ship,Denmark,194849,194679,399,59,None,2014,None,,,,Cargo ship,EG SZC,"May 1, 20:00",9632090 / 220010000,OWSC2,399 / 60 m,16.2 m,313.0° / 14.6 kn,31.56073 N/32.212 E,220010000,313.0°,14.6 kn,31.56073,32.212,399,60 m
9632155,METTE MAERSK,Container Ship,Denmark,194849,194829,399,59,None,2015,None,,,,Cargo ship,CNYAT - CNTAO,"May 2, 12:00",9632155 / 219631000,OWRS2,399 / 60 m,10.0 m,99.4° / 0.0 kn,35.7904 N/121.04147 E,219631000,99.4°,0.0 kn,35.7904,121.04147,399,60 m
9619971,MARSTAL MAERSK,Container Ship,Denmark,194849,194692,399,59,None,2014,None,,,,Cargo ship (HAZ-A),PL GDN,"May 1, 13:00",9619971 / 219019139,OWJK2,399 / 60 m,12.5 m,325.0° / 0.0 kn,54.38803 N/18.71102 E,219019139,325.0°,0.0 kn,54.38803,18.71102,399,60 m
9619995,MAYVIEW MAERSK,Container Ship,Denmark,194849,194533,399,59,None,2014,None,,,,Cargo ship (HAZ-A),RUBAI > DEBRV,"May 2, 10:00",9619995 / 219578000,OWJN2,399 / 60 m,11.7 m,331.0° / 0.0 kn,53.57977 N/8.53372 E,219578000,331.0°,0.0 kn,53.57977,8.53372,399,60 m
9619933,MARIE MAERSK,Container Ship,Denmark,194849,194327,399,59,None,2013,None,,,,Cargo ship (HAZ-A),CN YAT>MY TPP,"May 2, 21:00",9619933 / 219018765,OWJF2,399 / 60 m,16.4 m,204.0° / 17.8 kn,2.24523 N/104.91893 E,219018765,204.0°,17.8 kn,2.24523,104.91893,399,60 m
9632105,MORTEN MAERSK,Container Ship,Denmark,194849,194790,399,59,None,2014,None,,,,Cargo ship (HAZ-A),FRLEH > MAPTM,"May 5, 14:00",9632105 / 219609000,OWLW2,399 / 60 m,12.1 m,207.0° / 11.2 kn,47.164 N/7.20862 W,219609000,207.0°,11.2 kn,47.164,-7.20862,399,60 m
9632179,MATHILDE MAERSK,Container Ship,Denmark,194849,194934,399,59,None,2015,None,,,,Cargo ship (HAZ-A),CNHSK,"May 2, 13:00",9632179 / 219646000,OWZW2,399 / 60 m,12.2 m,62.0° / 0.0 kn,38.73463 N/120.433 E,219646000,62.0°,0.0 kn,38.73463,120.433,399,60 m
9632131,MARGRETHE MAERSK,Container Ship,Denmark,194849,194916,399,59,None,2015,None,,,,Cargo ship,BEIHAI,"Apr 4, 08:00",9632131 / 219629000,OWYZ2,399 / 60 m,7.5 m,315.5° / 0.0 kn,35.9993 N/120.26082 E,219629000,315.5°,0.0 kn,35.9993,120.26082,399,60 m
9755191,MSC ERICA,Container Ship,Liberia,194308,200148,399,59,None,2016,None,,,,Cargo ship (HAZ-A),TIANJINXINGANG,"Apr 30, 00:01",9755191 / 636017726,D5ML4,398 / 59 m,8.1 m,247.5° / 0.1 kn,38.83308 N/118.19143 E,636017726,247.5°,0.1 kn,38.83308,118.19143,398,59 m
9762338,MSC MIRJA,Container Ship,Liberia,194308,200148,398,59,None,2016,None,,,,Cargo ship (HAZ-A),GOTHENBURG,"May 3, 19:00",9762338 / 636017516,D5LI6,398 / 59 m,10.7 m,205.0° / 0.0 kn,57.57528 N/11.58068 E,636017516,205.0°,0.0 kn,57.57528,11.58068,398,59 m
9754965,MSC REEF,Container Ship,Liberia,194308,200148,398,59,None,2016,None,,,,Cargo ship,TANJUNG PELEPAS,"May 6, 10:00",9754965 / 636017577,D5LQ2,398 / 59 m,15.4 m,103.0° / 20.1 kn,6.70999 N/76.4308 E,636017577,103.0°,20.1 kn,6.70999,76.4308,398,59 m
9754953,MSC DITTE,Container Ship,Liberia,194308,200148,398,59,None,2016,None,,,,Cargo ship (HAZ-A),,,9754953 / 636017569,D5LP2,398 / 59 m,7.0 m,77.0° / 0.0 kn,39.50803 N/121.4006 E,636017569,77.0°,0.0 kn,39.50803,121.4006,398,59 m
9762326,MSC JADE,Container Ship,Liberia,194308,200148,398,59,None,2016,None,,,,Cargo ship (HAZ-A),"SINGAPORE WBG""A""","May 1, 05:45",9762326 / 636017506,D5LH6,399 / 59 m,14.6 m,348.2° / 0.0 kn,1.27727 N/103.75514 E,636017506,348.2°,0.0 kn,1.27727,103.75514,399,59 m
9762340,MSC TINA,Container Ship,Liberia,194308,200148,399,59,None,2017,None,,,,Cargo ship (HAZ-A),PIRAEUS,"May 2, 08:00",9762340 / 636017867,D5NB7,398 / 59 m,14.9 m,87.3° / 0.0 kn,37.95564 N/23.57979 E,636017867,87.3°,0.0 kn,37.95564,23.57979,398,59 m
9767390,MSC LEANNE,Container Ship,Liberia,194250,202461,400,59,None,2017,None,,,,Cargo ship (HAZ-A),SINGAPORE,"May 2, 20:00",9767390 / 636017686,D5MG2,400 / 59 m,15.7 m,205.0° / 14.2 kn,1.73242 N/104.66466 E,636017686,205.0°,14.2 kn,1.73242,104.66466,400,59 m
9755945,MSC INGY,Container Ship,Liberia,193489,202347,400,59,None,2016,None,,,,Cargo ship (HAZ-A),KING ABDULLAH,"May 3, 01:00",9755945 / 636017434,D5KX9,400 / 59 m,15.3 m,140.7° / 16.7 kn,23.93624 N/37.27433 E,636017434,140.7°,16.7 kn,23.93624,37.27433,400,59 m
9755957,MSC ELOANE,Container Ship,Liberia,193489,201792,400,59,None,2016,None,,,,Cargo ship (HAZ-A),EGSUZ,"May 7, 20:30",9755957 / 636017435,D5KY2,400 / 59 m,15.0 m,181.3° / 18.7 kn,38.78179 N/10.07842 W,636017435,181.3°,18.7 kn,38.78179,-10.07842,400,59 m
9767376,MSC MIRJAM,Container Ship,Liberia,193489,202376,400,59,None,2016,None,,,,Cargo ship (HAZ-A),SAKAC,"May 2, 07:00",9767376 / 636017684,D5MF8,400 / 59 m,15.9 m,324.6° / 0.0 kn,22.52571 N/39.09101 E,636017684,324.6°,0.0 kn,22.52571,39.09101,400,59 m
9755933,MSC DIANA,Container Ship,Liberia,193489,202036,400,59,None,2016,None,,,,Cargo ship,GIOIA TAURO,"May 2, 01:00",9755933 / 636017433,D5KX8,400 / 59 m,11.2 m,349.9° / 0.0 kn,38.45049 N/15.90347 E,636017433,349.9°,0.0 kn,38.45049,15.90347,400,59 m
9767388,MSC RIFAYA,Container Ship,Liberia,193489,202338,400,59,None,2017,None,,,,Cargo ship (HAZ-A),SGSIN,"May 13, 09:00",9767388 / 636017685,D5MF9,400 / 59 m,15.8 m,150.0° / 17.7 kn,23.5391 N/36.90305 E,636017685,150.0°,17.7 kn,23.5391,36.90305,400,59 m
9708681,MSC SVEVA,Container Ship,Panama,192237,199272,395,59,None,2015,None,,,,Cargo ship (HAZ-A),CNSHA PS,"May 7, 00:00",9708681 / 374645000,3ESP7,396 / 59 m,13.2 m,38.0° / 16.2 kn,8.20988 N/108.77348 E,374645000,38.0°,16.2 kn,8.20988,108.77348,396,59 m
9708693,MSC CLARA,Container Ship,Panama,192237,199272,396,59,None,2015,None,,,,Cargo ship (HAZ-A),,,9708693 / 374766000,3FZW9,396 / 59 m,6.5 m,90.8° / 0.0 kn,39.50266 N/121.40307 E,374766000,90.8°,0.0 kn,39.50266,121.40307,396,59 m
9703318,MSC ZOE,Container Ship,Panama,192237,199272,395,59,None,2015,None,,,,Cargo ship (HAZ-A),EGSUZ,"Apr 30, 20:30",9703318 / 352757000,3FQA,396 / 59 m,15.9 m,211.4° / 0.0 kn,31.20785 N/32.35451 E,352757000,211.4°,0.0 kn,31.20785,32.35451,396,59 m
9708679,MSC MAYA,Container Ship,Panama,192237,199272,395,59,None,2015,None,,,,Cargo ship (HAZ-A),SUEZ,"May 7, 20:30",9708679 / 374859000,3EZI,396 / 59 m,16.0 m,284.0° / 18.3 kn,6.28312 N/77.28743 E,374859000,284.0°,18.3 kn,6.28312,77.28743,396,59 m
9703306,MSC OLIVER,Container Ship,Panama,192237,199273,395,59,None,2015,None,,,,Cargo ship (HAZ-A),VALENCIA,"May 4, 18:00",9703306 / 356289000,H8RY,396 / 59 m,13.0 m,295.2° / 0.0 kn,41.31136 N/2.1515 E,356289000,295.2°,0.0 kn,41.31136,2.1515,396,59 m
9703291,MSC OSCAR,Container Ship,Panama,192237,199273,395,59,None,2014,None,,,,Cargo ship (HAZ-A),KING ABDULAH,"May 9, 07:00",9703291 / 355906000,3FBT7,396 / 59 m,16.0 m,283.0° / 16.4 kn,6.77676 N/75.35657 E,355906000,283.0°,16.4 kn,6.77676,75.35657,396,59 m
9657179,ICHTHYS VENTURER,Offshore Support Vessel,Australia,190430,191290,336,59,None,2017,,,,,Other type,,,9657179 / 503000059,VJN4521,335 / 59 m,10.0 m,348.0° / 0.1 kn,13.96504 S/123.31499 E,503000059,348.0°,0.1 kn,-13.96504,123.31499,335,59 m
7708302,YUUM K'AK' NAAB,Offshore Support Vessel,Singapore,189863,360700,341,65,None,1981,,None,,,Tanker (HAZ-A),,,7708302 / 563086600,9V5072,,,354.0° / 0.0 kn,19.60137 N/92.29511 W,563086600,354.0°,0.0 kn,19.60137,-92.29511,,
9777216,MSC VIVIANA,Container Ship,Liberia,187587,185503,400,59,None,2017,None,,,,Cargo ship (HAZ-D),SGSIN   PWBGA,"May 8, 16:00",9777216 / 636017882,D5ND7,400 / 58 m,15.0 m,89.0° / 17.0 kn,12.29446 N/47.91676 E,636017882,89.0°,17.0 kn,12.29446,47.91676,400,58 m
9777204,MSC ANNA,Container Ship,Liberia,187587,185503,400,59,None,2016,None,,,,Cargo ship (HAZ-A),PUSAN,"May 2, 23:00",9777204 / 636017727,D5ML5,400 / 58 m,12.2 m,13.0° / 15.2 kn,33.45986 N/128.56179 E,636017727,13.0°,15.2 kn,33.45986,128.56179,400,58 m
9695121,CSCL GLOBE,Container Ship,Hong Kong,187541,184320,400,59,None,2014,None,,,,Cargo ship (HAZ-A),CNTAO,"May 4, 12:00",9695121 / 477712400,VRNU2,400 / 60 m,11.6 m,32.0° / 18.8 kn,26.34034 N/121.05117 E,477712400,32.0°,18.8 kn,26.34034,121.05117,400,60 m
9695145,CSCL ATLANTIC OCEAN,Container Ship,Hong Kong,187541,184320,400,59,None,2015,None,,,,Cargo ship (HAZ-A),CNSHA,"May 8, 02:00",9695145 / 477967800,VROE2,400 / 58 m,9.5 m,158.6° / 0.1 kn,30.66875 N/122.80645 E,477967800,158.6°,0.1 kn,30.66875,122.80645,400,58 m
9695157,CSCL INDIAN OCEAN,Container Ship,Hong Kong,187541,184320,400,59,None,2015,None,,,,Cargo ship,PORT KELANG,"May 10, 12:00",9695157 / 477476800,VROC2,400 / 60 m,14.0 m,107.9° / 0.7 kn,24.81638 N/54.66521 E,477476800,107.9°,0.7 kn,24.81638,54.66521,400,60 m
9695169,CSCL ARCTIC OCEAN,Container Ship,Hong Kong,187541,184320,400,59,None,2015,None,,,,Cargo ship (HAZ-A),YANGSHAN,"May 3, 00:10",9695169 / 477967700,VROD9,400 / 58 m,13.3 m,295.0° / 0.0 kn,30.49125 N/122.47705 E,477967700,295.0°,0.0 kn,30.49125,122.47705,400,58 m
9695133,CSCL PACIFIC OCEAN,Container Ship,Hong Kong,187541,184320,400,59,None,2014,None,,,,Cargo ship (HAZ-A),CNSHY=>CNNGB,"May 2, 12:30",9695133 / 477712800,VRNV5,400 / 59 m,13.8 m,66.0° / 0.1 kn,29.88995 N/122.06357 E,477712800,66.0°,0.1 kn,29.88995,122.06357,400,59 m
9826548,IONA,Passenger (Cruise) Ship,United Kingdom,184000,13000,,,,2020,,,,,Passenger ship,,,9826548 / 232025845,MGPC4,344 / 54 m,8.7 m,331.0° / 0.0 kn,53.55934 N/8.553 E,232025845,331.0°,0.0 kn,53.55934,8.553,344,54 m
9781889,COSTA SMERALDA,Passenger (Cruise) Ship,Italy,183900,13000,337,42,,2019,,,,,Passenger ship,FRMRS,"Apr 27, 15:00",9781889 / 247391900,IBCA,337 / 50 m,8.6 m,33.0° / 0.0 kn,43.34328 N/5.33603 E,247391900,33.0°,0.0 kn,43.34328,5.33603,337,50 m
9781865,AIDANOVA,Passenger (Cruise) Ship,Italy,183200,13000,337,42,,2018,,,,,Passenger ship,ESSCT>ESSCT,"Apr 23, 16:00",9781865 / 247389200,IBUK,337 / 58 m,8.5 m,0.0° / 0.0 kn,28.47386 N/16.24483 W,247389200,0.0°,0.0 kn,28.47386,-16.24483,337,58 m
9706889,CMA CGM VASCO DE GAMA,Container Ship,Malta,178228,184700,399,54,None,2015,None,,,,Cargo ship (HAZ-A),EGZZ1,"May 3, 21:00",9706889 / 215173000,9HA4993,399 / 54 m,16.0 m,108.2° / 14.0 kn,33.5301 N/25.35902 E,215173000,108.2°,14.0 kn,33.5301,25.35902,399,54 m
9706906,CMA CGM ZHENG HE,Container Ship,Malta,178228,185000,399,54,None,2015,None,,,,Cargo ship (HAZ-D),HAMBURG,"May 2, 03:00",9706906 / 215199000,9HA5009,399 / 54 m,11.8 m,18.8° / 0.0 kn,53.53053 N/9.91857 E,215199000,18.8°,0.0 kn,53.53053,9.91857,399,54 m
9706891,CMA CGM BENJAMIN FRANKLIN,Container Ship,Malta,178228,185000,399,54,None,2015,None,,,,Cargo ship (HAZ-A),SUEZ CANAL,"May 7, 20:00",9706891 / 215195000,9HA5008,399 / 54 m,16.0 m,279.0° / 18.7 kn,7.75757 N/70.79168 E,215195000,279.0°,18.7 kn,7.75757,70.79168,399,54 m
9803613,MSC GRANDIOSA,Passenger (Cruise) Ship,Malta,177000,13610,331,43,,2019,,,,,Passenger ship,,,9803613 / 215325000,9HA5063,332 / 52 m,8.3 m,139.0° / 0.0 kn,42.09803 N/11.77557 E,215325000,139.0°,0.0 kn,42.09803,11.77557,332,52 m
9454448,CMA CGM ALEXANDER VON HUMBOLDT,Container Ship,Malta,176546,186470,396,54,None,2013,None,,,,Cargo ship (HAZ-A),CNTXG->KRPUS,"May 4, 06:00",9454448 / 215219000,9HA5017,396 / 54 m,15.1 m,113.1° / 16.4 kn,38.50173 N/121.02113 E,215219000,113.1°,16.4 kn,38.50173,121.02113,396,54 m
9647461,MSC HAMBURG,Container Ship,Panama,176490,186682,399,54,None,2015,None,,,,Cargo ship (HAZ-A),SGSIN EPBG A,"May 4, 09:00",9647461 / 374886000,3FYY8,399 / 54 m,14.7 m,189.0° / 20.1 kn,12.90396 N/110.164 E,374886000,189.0°,20.1 kn,12.90396,110.164,399,54 m
9606302,MSC LONDON,Container Ship,Panama,176490,186650,399,54,None,2014,None,,,,Cargo ship (HAZ-A),TEKIRDAG,"May 2, 05:30",9606302 / 352853000,3FIL2,399 / 54 m,13.5 m,228.3° / 0.0 kn,40.89712 N/27.47048 E,352853000,228.3°,0.0 kn,40.89712,27.47048,399,54 m
9606314,MSC NEW YORK,Container Ship,Panama,176490,186766,399,54,None,2014,None,,,,Cargo ship,SGSN,"Jun 5, 21:00",9606314 / 352952000,HOFP,399 / 54 m,15.6 m,118.0° / 19.6 kn,7.34665 N/77.28218 E,352952000,118.0°,19.6 kn,7.34665,77.28218,399,54 m
9647473,MSC VENICE,Container Ship,Liberia,176490,186650,399,54,None,2016,None,,,,Cargo ship (HAZ-A),USLAX,"May 1, 21:00",9647473 / 636017408,D5KU2,399 / 54 m,14.4 m,135.5° / 0.0 kn,33.73254 N/118.24705 W,636017408,135.5°,0.0 kn,33.73254,-118.24705,399,54 m
9606338,MSC AMSTERDAM,Container Ship,Panama,176490,186541,399,54,None,2015,None,,,,Cargo ship (HAZ-A),KRPUS,"May 4, 08:00",9606338 / 373598000,3EUJ,399 / 54 m,12.2 m,38.0° / 9.8 kn,28.8494 N/123.99263 E,373598000,38.0°,9.8 kn,28.8494,123.99263,399,54 m
9606326,MSC ISTANBUL,Container Ship,Liberia,176490,186650,399,54,None,2015,None,,,,Cargo ship,SUEZ,"May 8, 20:00",9606326 / 636017537,D5LL2,399 / 54 m,14.1 m,287.0° / 18.2 kn,6.52941 N/77.06974 E,636017537,287.0°,18.2 kn,6.52941,77.06974,399,54 m
9454450,CMA CGM JULES VERNE,Container Ship,France,176435,186470,396,54,None,2013,None,,,,Cargo ship,PORT KELANG,"May 17, 20:00",9454450 / 228032900,FIFW,396 / 54 m,15.6 m,140.0° / 18.0 kn,21.28245 S/6.8296 E,228032900,140.0°,18.0 kn,-21.28245,6.8296,396,54 m
8420804,BERGE STAHL,Bulk Carrier,United Kingdom,175720,364767,342,64,None,1986,,,None,,Cargo ship,LABUAN,"Apr 15, 00:30",8420804 / 235089333,2EZE5,342 / 63 m,11.4 m,285.0° / 0.0 kn,5.32294 N/114.98933 E,235089333,285.0°,0.0 kn,5.32294,114.98933,342,63 m
9702132,CMA CGM KERGUELEN,Container Ship,Malta,175688,186745,398,54,None,2015,None,,,,Cargo ship (HAZ-A),,,9702132 / 215207000,9HA5014,398 / 54 m,7.5 m,327.0° / 0.0 kn,22.50125 N/113.84468 E,215207000,327.0°,0.0 kn,22.50125,113.84468,398,54 m
9702144,CMA CGM GEORG FORSTER,Container Ship,Malta,175688,186745,398,54,None,2015,None,,,,Cargo ship (HAZ-A),SOUTHAMPTON,"May 9, 11:30",9702144 / 215221000,9HA5019,398 / 54 m,14.8 m,309.8° / 13.6 kn,31.45488 N/32.39592 E,215221000,309.8°,13.6 kn,31.45488,32.39592,398,54 m
9702156,CMA CGM BOUGAINVILLE,Container Ship,France,175688,186528,398,54,None,2015,None,,,,Cargo ship (HAZ-A),TANGER MED,"May 20, 05:00",9702156 / 228067900,FIVD,398 / 54 m,15.8 m,232.0° / 18.3 kn,3.85758 N/92.1411 E,228067900,232.0°,18.3 kn,3.85758,92.1411,398,54 m
9454436,CMA CGM MARCO POLO,Container Ship,Bahamas,175343,187625,396,54,None,2012,None,,,,Cargo ship (HAZ-A),CN TXG,"May 6, 13:00",9454436 / 311000923,C6EK8,396 / 54 m,12.9 m,30.0° / 17.6 kn,18.03863 N/114.38418 E,311000923,30.0°,17.6 kn,18.03863,114.38418,396,54 m
9850111,K. IRON MOUNTAIN,Bulk Carrier,Panama,175000,325000,,,,2020,,,,,Cargo ship,KR YOS,"Apr 23, 23:00",9850111 / 354488000,3EAK7,340 / 62 m,6.5 m,231.0° / 9.8 kn,1.40169 N/104.42376 E,354488000,231.0°,9.8 kn,1.40169,104.42376,340,62 m
9839935,CMA CGM CHILE,Container Ship,Malta,172000,180000,366,51,,2019,,,,,Cargo ship,DEHAM,"May 1, 14:00",9839935 / 215346000,9HA5073,366 / 51 m,11.3 m,207.0° / 0.0 kn,53.52904 N/9.91731 E,215346000,207.0°,0.0 kn,53.52904,9.91731,366,51 m
9839911,CMA CGM MEXICO,Container Ship,Malta,172000,180000,366,51,,2019,,,,,Cargo ship (HAZ-A),FRLEH,"May 8, 17:00",9839911 / 215354000,9HA5077,365 / 51 m,14.6 m,324.0° / 18.9 kn,8.2455 N/15.24991 W,215354000,324.0°,18.9 kn,8.2455,-15.24991,365,51 m
9839909,CMA CGM ARGENTINA,Container Ship,Malta,172000,180000,366,51,None,2019,,,,,Cargo ship,ESALG,"May 3, 16:00",9839909 / 215331000,9HA5066,366 / 51 m,13.9 m,182.0° / 16.0 kn,39.25311 N/10.10479 W,215331000,182.0°,16.0 kn,39.25311,-10.10479,366,51 m
9839923,CMA CGM PANAMA,Container Ship,Malta,172000,180000,366,51,,2019,,,,,Cargo ship (HAZ-A),CNYTN,"May 7, 22:00",9839923 / 215347000,9HA5074,366 / 51 m,11.8 m,232.0° / 12.0 kn,41.38966 N/140.32696 E,215347000,232.0°,12.0 kn,41.38966,140.32696,366,51 m
9860245,CMA CGM BRAZIL,Container Ship,Malta,172000,157000,,,,2020,,,,,Cargo ship,,,9860245 / 215000000,,366 / 51 m,,250.0° / 0.0 kn,34.73556 N/126.37558 E,215000000,250.0°,0.0 kn,34.73556,126.37558,366,51 m
9860245,CMA CGM BRAZIL,Container Ship,Malta,172000,157000,,,,2020,,,,,Cargo ship,,,9860245 / 215000000,,366 / 51 m,,250.0° / 0.0 kn,34.73556 N/126.37558 E,215000000,250.0°,0.0 kn,34.73556,126.37558,366,51 m
8410108,RUHR N,Bulk Carrier,Liberia,171924,305836,340,57,None,1987,,,None,,,,,,,,,,,,,,,,,